ean;konkurent;cena;doprava;skladem;url
8597315660484;VeloMarket.cz;839;99;ano;https://velomarket.cz/p/8597315660484
8597315660484;KoloPointer.cz;959;79;ano;https://kolopointer.cz/p/8597315660484
8597315660484;CykloDům.cz;899;0;ano;https://cyklodum.cz/p/8597315660484
8597315660484;BikeRanger.cz;849;99;ano;https://bikeranger.cz/p/8597315660484
8597315660484;SpeedKola.cz;959;99;ano;https://speedkola.cz/p/8597315660484
8597315660484;MegaSportík.cz;889;0;ano;https://megasportik.cz/p/8597315660484
8591959453532;MegaSportík.cz;88990;0;ne;https://megasportik.cz/p/8591959453532
8591762416328;KoloPointer.cz;97990;0;ano;https://kolopointer.cz/p/8591762416328
8591762416328;MegaSportík.cz;88990;0;ano;https://megasportik.cz/p/8591762416328
8595234463384;VeloMarket.cz;879;79;ano;https://velomarket.cz/p/8595234463384
8595234463384;CykloDům.cz;899;0;ano;https://cyklodum.cz/p/8595234463384
8595234463384;BikeRanger.cz;859;79;ne;https://bikeranger.cz/p/8595234463384
8594887001561;VeloMarket.cz;184990;0;ano;https://velomarket.cz/p/8594887001561
8594887001561;KoloPointer.cz;193990;0;ne;https://kolopointer.cz/p/8594887001561
8594887001561;BikeRanger.cz;180990;0;ano;https://bikeranger.cz/p/8594887001561
8594887001561;SpeedKola.cz;200990;0;ano;https://speedkola.cz/p/8594887001561
8594577716546;VeloMarket.cz;183990;0;ano;https://velomarket.cz/p/8594577716546
8594577716546;KoloPointer.cz;193990;0;ano;https://kolopointer.cz/p/8594577716546
8594577716546;CykloDům.cz;183990;0;ano;https://cyklodum.cz/p/8594577716546
8594577716546;BikeRanger.cz;180990;0;ano;https://bikeranger.cz/p/8594577716546
8594577716546;HoryNaKole.cz;185990;0;ne;https://horynakole.cz/p/8594577716546
8590002665908;KoloPointer.cz;191990;0;ano;https://kolopointer.cz/p/8590002665908
8596683838433;CykloDům.cz;2490;79;ano;https://cyklodum.cz/p/8596683838433
8596683838433;MegaSportík.cz;2390;79;ano;https://megasportik.cz/p/8596683838433
8593886002722;KoloPointer.cz;95990;0;ano;https://kolopointer.cz/p/8593886002722
8593886002722;CykloDům.cz;100990;0;ano;https://cyklodum.cz/p/8593886002722
8593886002722;SpeedKola.cz;110990;0;ano;https://speedkola.cz/p/8593886002722
8593886002722;HoryNaKole.cz;92990;0;ano;https://horynakole.cz/p/8593886002722
8597327510746;KoloPointer.cz;94990;0;ano;https://kolopointer.cz/p/8597327510746
8597327510746;BikeRanger.cz;90990;0;ano;https://bikeranger.cz/p/8597327510746
8597327510746;SpeedKola.cz;112340;0;ano;https://speedkola.cz/p/8597327510746
8598416518018;VeloMarket.cz;97990;0;ano;https://velomarket.cz/p/8598416518018
8598416518018;BikeRanger.cz;89990;0;ano;https://bikeranger.cz/p/8598416518018
8598416518018;HoryNaKole.cz;92990;0;ano;https://horynakole.cz/p/8598416518018
8597680554548;VeloMarket.cz;96990;0;ano;https://velomarket.cz/p/8597680554548
8597680554548;BikeRanger.cz;90990;0;ano;https://bikeranger.cz/p/8597680554548
8594656869996;VeloMarket.cz;111990;0;ano;https://velomarket.cz/p/8594656869996
8594656869996;SpeedKola.cz;135990;0;ano;https://speedkola.cz/p/8594656869996
8594656869996;HoryNaKole.cz;114990;0;ano;https://horynakole.cz/p/8594656869996
8594656869996;MegaSportík.cz;108990;0;ano;https://megasportik.cz/p/8594656869996
8598258438635;VeloMarket.cz;111990;0;ano;https://velomarket.cz/p/8598258438635
8598258438635;KoloPointer.cz;123990;0;ano;https://kolopointer.cz/p/8598258438635
8598258438635;CykloDům.cz;133990;0;ano;https://cyklodum.cz/p/8598258438635
8590050760488;VeloMarket.cz;109990;0;ne;https://velomarket.cz/p/8590050760488
8590050760488;KoloPointer.cz;123990;0;ano;https://kolopointer.cz/p/8590050760488
8590050760488;CykloDům.cz;131990;0;ano;https://cyklodum.cz/p/8590050760488
8599592139592;KoloPointer.cz;125990;0;ano;https://kolopointer.cz/p/8599592139592
8599592139592;BikeRanger.cz;110990;0;ne;https://bikeranger.cz/p/8599592139592
8599592139592;SpeedKola.cz;135990;0;ano;https://speedkola.cz/p/8599592139592
8596456641079;VeloMarket.cz;111990;0;ano;https://velomarket.cz/p/8596456641079
8596456641079;CykloDům.cz;134990;0;ano;https://cyklodum.cz/p/8596456641079
8596456641079;BikeRanger.cz;110990;0;ne;https://bikeranger.cz/p/8596456641079
8596456641079;SpeedKola.cz;134990;0;ano;https://speedkola.cz/p/8596456641079
8590555956591;KoloPointer.cz;209990;0;ano;https://kolopointer.cz/p/8590555956591
8590555956591;CykloDům.cz;207990;0;ano;https://cyklodum.cz/p/8590555956591
8590555956591;BikeRanger.cz;193990;0;ne;https://bikeranger.cz/p/8590555956591
8593754397431;VeloMarket.cz;187990;0;ano;https://velomarket.cz/p/8593754397431
8593754397431;CykloDům.cz;208990;0;ano;https://cyklodum.cz/p/8593754397431
8593754397431;SpeedKola.cz;226990;0;ano;https://speedkola.cz/p/8593754397431
8593754397431;MegaSportík.cz;185990;0;ano;https://megasportik.cz/p/8593754397431
8591679882759;BikeRanger.cz;105990;0;ne;https://bikeranger.cz/p/8591679882759
8591679882759;HoryNaKole.cz;203990;0;ano;https://horynakole.cz/p/8591679882759
8593997132066;VeloMarket.cz;40990;0;ano;https://velomarket.cz/p/8593997132066
8593997132066;KoloPointer.cz;46990;0;ano;https://kolopointer.cz/p/8593997132066
8593997132066;BikeRanger.cz;40990;0;ano;https://bikeranger.cz/p/8593997132066
8598847146415;CykloDům.cz;46990;0;ano;https://cyklodum.cz/p/8598847146415
8598847146415;SpeedKola.cz;49990;0;ano;https://speedkola.cz/p/8598847146415
8590712070757;VeloMarket.cz;40990;0;ano;https://velomarket.cz/p/8590712070757
8590712070757;CykloDům.cz;46990;0;ano;https://cyklodum.cz/p/8590712070757
8590712070757;BikeRanger.cz;40990;0;ano;https://bikeranger.cz/p/8590712070757
8590712070757;SpeedKola.cz;49990;0;ne;https://speedkola.cz/p/8590712070757
8596017121392;KoloPointer.cz;47990;0;ano;https://kolopointer.cz/p/8596017121392
8596017121392;MegaSportík.cz;41990;0;ne;https://megasportik.cz/p/8596017121392
8599808782185;VeloMarket.cz;40990;0;ano;https://velomarket.cz/p/8599808782185
8599808782185;HoryNaKole.cz;41990;0;ano;https://horynakole.cz/p/8599808782185
8594534446264;VeloMarket.cz;709;99;ano;https://velomarket.cz/p/8594534446264
8594534446264;KoloPointer.cz;729;129;ano;https://kolopointer.cz/p/8594534446264
8594534446264;CykloDům.cz;809;129;ne;https://cyklodum.cz/p/8594534446264
8594534446264;BikeRanger.cz;679;99;ano;https://bikeranger.cz/p/8594534446264
8594534446264;SpeedKola.cz;799;0;ano;https://speedkola.cz/p/8594534446264
8592011993386;VeloMarket.cz;529;129;ano;https://velomarket.cz/p/8592011993386
8592011993386;BikeRanger.cz;499;129;ano;https://bikeranger.cz/p/8592011993386
8596316820019;VeloMarket.cz;1790;0;ano;https://velomarket.cz/p/8596316820019
8596316820019;CykloDům.cz;1890;0;ano;https://cyklodum.cz/p/8596316820019
8596316820019;HoryNaKole.cz;1690;79;ano;https://horynakole.cz/p/8596316820019
8596316820019;MegaSportík.cz;1690;99;ano;https://megasportik.cz/p/8596316820019
8592916856366;VeloMarket.cz;17990;0;ano;https://velomarket.cz/p/8592916856366
8592916856366;KoloPointer.cz;18990;0;ano;https://kolopointer.cz/p/8592916856366
8592916856366;BikeRanger.cz;17990;0;ano;https://bikeranger.cz/p/8592916856366
8592916856366;SpeedKola.cz;20990;0;ano;https://speedkola.cz/p/8592916856366
8592916856366;HoryNaKole.cz;18990;0;ano;https://horynakole.cz/p/8592916856366
8599786111977;VeloMarket.cz;17990;0;ne;https://velomarket.cz/p/8599786111977
8599786111977;BikeRanger.cz;17990;0;ano;https://bikeranger.cz/p/8599786111977
8599786111977;SpeedKola.cz;20990;0;ano;https://speedkola.cz/p/8599786111977
8599786111977;MegaSportík.cz;18990;0;ano;https://megasportik.cz/p/8599786111977
8591427569673;VeloMarket.cz;17990;0;ano;https://velomarket.cz/p/8591427569673
8591427569673;KoloPointer.cz;18990;0;ano;https://kolopointer.cz/p/8591427569673
8591427569673;HoryNaKole.cz;18990;0;ano;https://horynakole.cz/p/8591427569673
8591427569673;MegaSportík.cz;17990;0;ano;https://megasportik.cz/p/8591427569673
8599594441761;VeloMarket.cz;1590;0;ano;https://velomarket.cz/p/8599594441761
8599594441761;BikeRanger.cz;1690;79;ano;https://bikeranger.cz/p/8599594441761
8599594441761;HoryNaKole.cz;1690;79;ano;https://horynakole.cz/p/8599594441761
8599594441761;MegaSportík.cz;1490;0;ne;https://megasportik.cz/p/8599594441761
8595141895926;VeloMarket.cz;1490;129;ne;https://velomarket.cz/p/8595141895926
8595141895926;KoloPointer.cz;1590;79;ano;https://kolopointer.cz/p/8595141895926
8595141895926;CykloDům.cz;1590;79;ano;https://cyklodum.cz/p/8595141895926
8595141895926;BikeRanger.cz;1590;99;ne;https://bikeranger.cz/p/8595141895926
8599903852080;VeloMarket.cz;175990;0;ne;https://velomarket.cz/p/8599903852080
8599903852080;KoloPointer.cz;184990;0;ano;https://kolopointer.cz/p/8599903852080
8599903852080;CykloDům.cz;203990;0;ano;https://cyklodum.cz/p/8599903852080
8599903852080;BikeRanger.cz;183990;0;ano;https://bikeranger.cz/p/8599903852080
8599903852080;MegaSportík.cz;177990;0;ano;https://megasportik.cz/p/8599903852080
8593183364318;VeloMarket.cz;172990;0;ano;https://velomarket.cz/p/8593183364318
8593183364318;KoloPointer.cz;186990;0;ano;https://kolopointer.cz/p/8593183364318
8593183364318;SpeedKola.cz;187990;0;ne;https://speedkola.cz/p/8593183364318
8594163319809;SpeedKola.cz;189990;0;ano;https://speedkola.cz/p/8594163319809
8599076561635;VeloMarket.cz;175990;0;ano;https://velomarket.cz/p/8599076561635
8599076561635;KoloPointer.cz;184990;0;ne;https://kolopointer.cz/p/8599076561635
8599076561635;CykloDům.cz;205990;0;ano;https://cyklodum.cz/p/8599076561635
8599109820562;KoloPointer.cz;182990;0;ano;https://kolopointer.cz/p/8599109820562
8599109820562;HoryNaKole.cz;178990;0;ano;https://horynakole.cz/p/8599109820562
8596825360259;KoloPointer.cz;1790;79;ano;https://kolopointer.cz/p/8596825360259
8596825360259;HoryNaKole.cz;1890;129;ano;https://horynakole.cz/p/8596825360259
